設置點,Hour,populartimes_count
?男子漢鐵板料理,0,0
?男子漢鐵板料理,1,0
?男子漢鐵板料理,2,0
?男子漢鐵板料理,3,0
?男子漢鐵板料理,4,0
?男子漢鐵板料理,5,0
?男子漢鐵板料理,6,0
?男子漢鐵板料理,7,57
?男子漢鐵板料理,8,87
?男子漢鐵板料理,9,100
?男子漢鐵板料理,10,78
?男子漢鐵板料理,11,75
?男子漢鐵板料理,12,64
?男子漢鐵板料理,13,51
?男子漢鐵板料理,14,0
?男子漢鐵板料理,15,0
?男子漢鐵板料理,16,0
?男子漢鐵板料理,17,0
?男子漢鐵板料理,18,0
?男子漢鐵板料理,19,0
?男子漢鐵板料理,20,0
?男子漢鐵板料理,21,0
?男子漢鐵板料理,22,0
?男子漢鐵板料理,23,0
O le pain 喔！麵包,0,0
O le pain 喔！麵包,1,0
O le pain 喔！麵包,2,0
O le pain 喔！麵包,3,0
O le pain 喔！麵包,4,0
O le pain 喔！麵包,5,0
O le pain 喔！麵包,6,0
O le pain 喔！麵包,7,0
O le pain 喔！麵包,8,0
O le pain 喔！麵包,9,0
O le pain 喔！麵包,10,0
O le pain 喔！麵包,11,21
O le pain 喔！麵包,12,14
O le pain 喔！麵包,13,19
O le pain 喔！麵包,14,33
O le pain 喔！麵包,15,57
O le pain 喔！麵包,16,70
O le pain 喔！麵包,17,94
O le pain 喔！麵包,18,96
O le pain 喔！麵包,19,92
O le pain 喔！麵包,20,61
O le pain 喔！麵包,21,0
O le pain 喔！麵包,22,0
O le pain 喔！麵包,23,0
ㄇㄇ的臭豆腐,0,0
ㄇㄇ的臭豆腐,1,0
ㄇㄇ的臭豆腐,2,0
ㄇㄇ的臭豆腐,3,0
ㄇㄇ的臭豆腐,4,0
ㄇㄇ的臭豆腐,5,0
ㄇㄇ的臭豆腐,6,0
ㄇㄇ的臭豆腐,7,0
ㄇㄇ的臭豆腐,8,0
ㄇㄇ的臭豆腐,9,0
ㄇㄇ的臭豆腐,10,0
ㄇㄇ的臭豆腐,11,45
ㄇㄇ的臭豆腐,12,58
ㄇㄇ的臭豆腐,13,59
ㄇㄇ的臭豆腐,14,0
ㄇㄇ的臭豆腐,15,54
ㄇㄇ的臭豆腐,16,58
ㄇㄇ的臭豆腐,17,58
ㄇㄇ的臭豆腐,18,44
ㄇㄇ的臭豆腐,19,0
ㄇㄇ的臭豆腐,20,0
ㄇㄇ的臭豆腐,21,0
ㄇㄇ的臭豆腐,22,0
ㄇㄇ的臭豆腐,23,0
二崁杏仁茶館,0,0
二崁杏仁茶館,1,0
二崁杏仁茶館,2,0
二崁杏仁茶館,3,0
二崁杏仁茶館,4,0
二崁杏仁茶館,5,0
二崁杏仁茶館,6,0
二崁杏仁茶館,7,0
二崁杏仁茶館,8,0
二崁杏仁茶館,9,5
二崁杏仁茶館,10,15
二崁杏仁茶館,11,40
二崁杏仁茶館,12,50
二崁杏仁茶館,13,70
二崁杏仁茶館,14,70
二崁杏仁茶館,15,75
二崁杏仁茶館,16,80
二崁杏仁茶館,17,75
二崁杏仁茶館,18,0
二崁杏仁茶館,19,0
二崁杏仁茶館,20,0
二崁杏仁茶館,21,0
二崁杏仁茶館,22,0
二崁杏仁茶館,23,0
二崁聚落站,0,1
二崁聚落站,1,1
二崁聚落站,2,0
二崁聚落站,3,1
二崁聚落站,4,0
二崁聚落站,5,1
二崁聚落站,6,1
二崁聚落站,7,1
二崁聚落站,8,3
二崁聚落站,9,10
二崁聚落站,10,23
二崁聚落站,11,39
二崁聚落站,12,53
二崁聚落站,13,67
二崁聚落站,14,73
二崁聚落站,15,66
二崁聚落站,16,48
二崁聚落站,17,27
二崁聚落站,18,11
二崁聚落站,19,3
二崁聚落站,20,1
二崁聚落站,21,1
二崁聚落站,22,2
二崁聚落站,23,1
佳朋名產總匯,0,0
佳朋名產總匯,1,0
佳朋名產總匯,2,0
佳朋名產總匯,3,0
佳朋名產總匯,4,0
佳朋名產總匯,5,0
佳朋名產總匯,6,0
佳朋名產總匯,7,0
佳朋名產總匯,8,33
佳朋名產總匯,9,46
佳朋名產總匯,10,54
佳朋名產總匯,11,56
佳朋名產總匯,12,52
佳朋名產總匯,13,54
佳朋名產總匯,14,54
佳朋名產總匯,15,61
佳朋名產總匯,16,73
佳朋名產總匯,17,90
佳朋名產總匯,18,100
佳朋名產總匯,19,89
佳朋名產總匯,20,65
佳朋名產總匯,21,45
佳朋名產總匯,22,0
佳朋名產總匯,23,0
信興海產行滿500元送餅乾一包,0,0
信興海產行滿500元送餅乾一包,1,0
信興海產行滿500元送餅乾一包,2,0
信興海產行滿500元送餅乾一包,3,0
信興海產行滿500元送餅乾一包,4,0
信興海產行滿500元送餅乾一包,5,0
信興海產行滿500元送餅乾一包,6,0
信興海產行滿500元送餅乾一包,7,0
信興海產行滿500元送餅乾一包,8,30
信興海產行滿500元送餅乾一包,9,42
信興海產行滿500元送餅乾一包,10,53
信興海產行滿500元送餅乾一包,11,65
信興海產行滿500元送餅乾一包,12,62
信興海產行滿500元送餅乾一包,13,56
信興海產行滿500元送餅乾一包,14,47
信興海產行滿500元送餅乾一包,15,50
信興海產行滿500元送餅乾一包,16,56
信興海產行滿500元送餅乾一包,17,65
信興海產行滿500元送餅乾一包,18,67
信興海產行滿500元送餅乾一包,19,62
信興海產行滿500元送餅乾一包,20,57
信興海產行滿500元送餅乾一包,21,43
信興海產行滿500元送餅乾一包,22,0
信興海產行滿500元送餅乾一包,23,0
六六八餐廳,0,0
六六八餐廳,1,0
六六八餐廳,2,0
六六八餐廳,3,0
六六八餐廳,4,0
六六八餐廳,5,0
六六八餐廳,6,0
六六八餐廳,7,0
六六八餐廳,8,0
六六八餐廳,9,0
六六八餐廳,10,0
六六八餐廳,11,17
六六八餐廳,12,18
六六八餐廳,13,15
六六八餐廳,14,0
六六八餐廳,15,0
六六八餐廳,16,0
六六八餐廳,17,71
六六八餐廳,18,100
六六八餐廳,19,93
六六八餐廳,20,60
六六八餐廳,21,0
六六八餐廳,22,0
六六八餐廳,23,0
北寮奎壁山,0,0
北寮奎壁山,1,0
北寮奎壁山,2,0
北寮奎壁山,3,0
北寮奎壁山,4,0
北寮奎壁山,5,0
北寮奎壁山,6,0
北寮奎壁山,7,0
北寮奎壁山,8,25
北寮奎壁山,9,36
北寮奎壁山,10,38
北寮奎壁山,11,34
北寮奎壁山,12,36
北寮奎壁山,13,51
北寮奎壁山,14,64
北寮奎壁山,15,69
北寮奎壁山,16,60
北寮奎壁山,17,40
北寮奎壁山,18,0
北寮奎壁山,19,0
北寮奎壁山,20,0
北寮奎壁山,21,0
北寮奎壁山,22,0
北寮奎壁山,23,0
原豆工坊咖啡專賣店,0,0
原豆工坊咖啡專賣店,1,0
原豆工坊咖啡專賣店,2,0
原豆工坊咖啡專賣店,3,0
原豆工坊咖啡專賣店,4,0
原豆工坊咖啡專賣店,5,0
原豆工坊咖啡專賣店,6,0
原豆工坊咖啡專賣店,7,0
原豆工坊咖啡專賣店,8,0
原豆工坊咖啡專賣店,9,0
原豆工坊咖啡專賣店,10,32
原豆工坊咖啡專賣店,11,32
原豆工坊咖啡專賣店,12,24
原豆工坊咖啡專賣店,13,12
原豆工坊咖啡專賣店,14,4
原豆工坊咖啡專賣店,15,4
原豆工坊咖啡專賣店,16,12
原豆工坊咖啡專賣店,17,4
原豆工坊咖啡專賣店,18,16
原豆工坊咖啡專賣店,19,28
原豆工坊咖啡專賣店,20,40
原豆工坊咖啡專賣店,21,32
原豆工坊咖啡專賣店,22,0
原豆工坊咖啡專賣店,23,0
台灣大餅早午餐,0,0
台灣大餅早午餐,1,0
台灣大餅早午餐,2,0
台灣大餅早午餐,3,0
台灣大餅早午餐,4,0
台灣大餅早午餐,5,30
台灣大餅早午餐,6,43
台灣大餅早午餐,7,60
台灣大餅早午餐,8,66
台灣大餅早午餐,9,76
台灣大餅早午餐,10,63
台灣大餅早午餐,11,66
台灣大餅早午餐,12,63
台灣大餅早午餐,13,46
台灣大餅早午餐,14,0
台灣大餅早午餐,15,0
台灣大餅早午餐,16,0
台灣大餅早午餐,17,0
台灣大餅早午餐,18,0
台灣大餅早午餐,19,0
台灣大餅早午餐,20,0
台灣大餅早午餐,21,0
台灣大餅早午餐,22,0
台灣大餅早午餐,23,0
吳記沙拉船&好記蔬食鹽水雞,0,0
吳記沙拉船&好記蔬食鹽水雞,1,0
吳記沙拉船&好記蔬食鹽水雞,2,0
吳記沙拉船&好記蔬食鹽水雞,3,0
吳記沙拉船&好記蔬食鹽水雞,4,0
吳記沙拉船&好記蔬食鹽水雞,5,0
吳記沙拉船&好記蔬食鹽水雞,6,0
吳記沙拉船&好記蔬食鹽水雞,7,0
吳記沙拉船&好記蔬食鹽水雞,8,0
吳記沙拉船&好記蔬食鹽水雞,9,0
吳記沙拉船&好記蔬食鹽水雞,10,0
吳記沙拉船&好記蔬食鹽水雞,11,21
吳記沙拉船&好記蔬食鹽水雞,12,39
吳記沙拉船&好記蔬食鹽水雞,13,30
吳記沙拉船&好記蔬食鹽水雞,14,43
吳記沙拉船&好記蔬食鹽水雞,15,39
吳記沙拉船&好記蔬食鹽水雞,16,52
吳記沙拉船&好記蔬食鹽水雞,17,39
吳記沙拉船&好記蔬食鹽水雞,18,30
吳記沙拉船&好記蔬食鹽水雞,19,30
吳記沙拉船&好記蔬食鹽水雞,20,34
吳記沙拉船&好記蔬食鹽水雞,21,34
吳記沙拉船&好記蔬食鹽水雞,22,0
吳記沙拉船&好記蔬食鹽水雞,23,0
吹蚵仔的海鮮小吃,0,0
吹蚵仔的海鮮小吃,1,0
吹蚵仔的海鮮小吃,2,0
吹蚵仔的海鮮小吃,3,0
吹蚵仔的海鮮小吃,4,0
吹蚵仔的海鮮小吃,5,0
吹蚵仔的海鮮小吃,6,0
吹蚵仔的海鮮小吃,7,0
吹蚵仔的海鮮小吃,8,0
吹蚵仔的海鮮小吃,9,0
吹蚵仔的海鮮小吃,10,0
吹蚵仔的海鮮小吃,11,48
吹蚵仔的海鮮小吃,12,66
吹蚵仔的海鮮小吃,13,66
吹蚵仔的海鮮小吃,14,63
吹蚵仔的海鮮小吃,15,60
吹蚵仔的海鮮小吃,16,75
吹蚵仔的海鮮小吃,17,72
吹蚵仔的海鮮小吃,18,72
吹蚵仔的海鮮小吃,19,72
吹蚵仔的海鮮小吃,20,48
吹蚵仔的海鮮小吃,21,0
吹蚵仔的海鮮小吃,22,0
吹蚵仔的海鮮小吃,23,0
味真香新港鴨肉羹臭豆腐,0,96
味真香新港鴨肉羹臭豆腐,1,69
味真香新港鴨肉羹臭豆腐,2,0
味真香新港鴨肉羹臭豆腐,3,0
味真香新港鴨肉羹臭豆腐,4,0
味真香新港鴨肉羹臭豆腐,5,0
味真香新港鴨肉羹臭豆腐,6,0
味真香新港鴨肉羹臭豆腐,7,0
味真香新港鴨肉羹臭豆腐,8,0
味真香新港鴨肉羹臭豆腐,9,0
味真香新港鴨肉羹臭豆腐,10,0
味真香新港鴨肉羹臭豆腐,11,0
味真香新港鴨肉羹臭豆腐,12,0
味真香新港鴨肉羹臭豆腐,13,0
味真香新港鴨肉羹臭豆腐,14,0
味真香新港鴨肉羹臭豆腐,15,33
味真香新港鴨肉羹臭豆腐,16,51
味真香新港鴨肉羹臭豆腐,17,57
味真香新港鴨肉羹臭豆腐,18,63
味真香新港鴨肉羹臭豆腐,19,57
味真香新港鴨肉羹臭豆腐,20,54
味真香新港鴨肉羹臭豆腐,21,60
味真香新港鴨肉羹臭豆腐,22,72
味真香新港鴨肉羹臭豆腐,23,87
四季肉圓專賣店,0,0
四季肉圓專賣店,1,0
四季肉圓專賣店,2,0
四季肉圓專賣店,3,0
四季肉圓專賣店,4,0
四季肉圓專賣店,5,0
四季肉圓專賣店,6,0
四季肉圓專賣店,7,0
四季肉圓專賣店,8,0
四季肉圓專賣店,9,0
四季肉圓專賣店,10,30
四季肉圓專賣店,11,30
四季肉圓專賣店,12,26
四季肉圓專賣店,13,30
四季肉圓專賣店,14,23
四季肉圓專賣店,15,23
四季肉圓專賣店,16,36
四季肉圓專賣店,17,33
四季肉圓專賣店,18,36
四季肉圓專賣店,19,30
四季肉圓專賣店,20,0
四季肉圓專賣店,21,0
四季肉圓專賣店,22,0
四季肉圓專賣店,23,0
四面佛 泰善堂,0,0
四面佛 泰善堂,1,0
四面佛 泰善堂,2,0
四面佛 泰善堂,3,0
四面佛 泰善堂,4,0
四面佛 泰善堂,5,0
四面佛 泰善堂,6,0
四面佛 泰善堂,7,0
四面佛 泰善堂,8,78
四面佛 泰善堂,9,35
四面佛 泰善堂,10,42
四面佛 泰善堂,11,42
四面佛 泰善堂,12,71
四面佛 泰善堂,13,78
四面佛 泰善堂,14,100
四面佛 泰善堂,15,85
四面佛 泰善堂,16,92
四面佛 泰善堂,17,42
四面佛 泰善堂,18,21
四面佛 泰善堂,19,7
四面佛 泰善堂,20,14
四面佛 泰善堂,21,14
四面佛 泰善堂,22,0
四面佛 泰善堂,23,0
回鄉餐館-(義大利麵 濃湯 炒飯 便當),0,0
回鄉餐館-(義大利麵 濃湯 炒飯 便當),1,0
回鄉餐館-(義大利麵 濃湯 炒飯 便當),2,0
回鄉餐館-(義大利麵 濃湯 炒飯 便當),3,0
回鄉餐館-(義大利麵 濃湯 炒飯 便當),4,0
回鄉餐館-(義大利麵 濃湯 炒飯 便當),5,0
回鄉餐館-(義大利麵 濃湯 炒飯 便當),6,0
回鄉餐館-(義大利麵 濃湯 炒飯 便當),7,0
回鄉餐館-(義大利麵 濃湯 炒飯 便當),8,0
回鄉餐館-(義大利麵 濃湯 炒飯 便當),9,0
回鄉餐館-(義大利麵 濃湯 炒飯 便當),10,18
回鄉餐館-(義大利麵 濃湯 炒飯 便當),11,25
回鄉餐館-(義大利麵 濃湯 炒飯 便當),12,29
回鄉餐館-(義大利麵 濃湯 炒飯 便當),13,22
回鄉餐館-(義大利麵 濃湯 炒飯 便當),14,0
回鄉餐館-(義大利麵 濃湯 炒飯 便當),15,0
回鄉餐館-(義大利麵 濃湯 炒飯 便當),16,43
回鄉餐館-(義大利麵 濃湯 炒飯 便當),17,63
回鄉餐館-(義大利麵 濃湯 炒飯 便當),18,70
回鄉餐館-(義大利麵 濃湯 炒飯 便當),19,54
回鄉餐館-(義大利麵 濃湯 炒飯 便當),20,0
回鄉餐館-(義大利麵 濃湯 炒飯 便當),21,0
回鄉餐館-(義大利麵 濃湯 炒飯 便當),22,0
回鄉餐館-(義大利麵 濃湯 炒飯 便當),23,0
多那之澎湖店,0,0
多那之澎湖店,1,0
多那之澎湖店,2,0
多那之澎湖店,3,0
多那之澎湖店,4,0
多那之澎湖店,5,0
多那之澎湖店,6,0
多那之澎湖店,7,38
多那之澎湖店,8,46
多那之澎湖店,9,50
多那之澎湖店,10,52
多那之澎湖店,11,61
多那之澎湖店,12,81
多那之澎湖店,13,95
多那之澎湖店,14,87
多那之澎湖店,15,82
多那之澎湖店,16,69
多那之澎湖店,17,65
多那之澎湖店,18,56
多那之澎湖店,19,67
多那之澎湖店,20,81
多那之澎湖店,21,83
多那之澎湖店,22,66
多那之澎湖店,23,40
天人菊名產店,0,0
天人菊名產店,1,0
天人菊名產店,2,0
天人菊名產店,3,0
天人菊名產店,4,0
天人菊名產店,5,0
天人菊名產店,6,0
天人菊名產店,7,0
天人菊名產店,8,0
天人菊名產店,9,0
天人菊名產店,10,26
天人菊名產店,11,47
天人菊名產店,12,63
天人菊名產店,13,47
天人菊名產店,14,47
天人菊名產店,15,52
天人菊名產店,16,63
天人菊名產店,17,94
天人菊名產店,18,78
天人菊名產店,19,73
天人菊名產店,20,47
天人菊名產店,21,36
天人菊名產店,22,0
天人菊名產店,23,0
天津蔥抓餅,0,0
天津蔥抓餅,1,0
天津蔥抓餅,2,0
天津蔥抓餅,3,0
天津蔥抓餅,4,0
天津蔥抓餅,5,0
天津蔥抓餅,6,0
天津蔥抓餅,7,0
天津蔥抓餅,8,17
天津蔥抓餅,9,29
天津蔥抓餅,10,46
天津蔥抓餅,11,58
天津蔥抓餅,12,66
天津蔥抓餅,13,70
天津蔥抓餅,14,72
天津蔥抓餅,15,70
天津蔥抓餅,16,72
天津蔥抓餅,17,77
天津蔥抓餅,18,83
天津蔥抓餅,19,79
天津蔥抓餅,20,64
天津蔥抓餅,21,42
天津蔥抓餅,22,0
天津蔥抓餅,23,0
好吃的黑糖糕就在水月堂食品行～,0,0
好吃的黑糖糕就在水月堂食品行～,1,0
好吃的黑糖糕就在水月堂食品行～,2,0
好吃的黑糖糕就在水月堂食品行～,3,0
好吃的黑糖糕就在水月堂食品行～,4,0
好吃的黑糖糕就在水月堂食品行～,5,0
好吃的黑糖糕就在水月堂食品行～,6,0
好吃的黑糖糕就在水月堂食品行～,7,43
好吃的黑糖糕就在水月堂食品行～,8,56
好吃的黑糖糕就在水月堂食品行～,9,68
好吃的黑糖糕就在水月堂食品行～,10,68
好吃的黑糖糕就在水月堂食品行～,11,50
好吃的黑糖糕就在水月堂食品行～,12,37
好吃的黑糖糕就在水月堂食品行～,13,12
好吃的黑糖糕就在水月堂食品行～,14,25
好吃的黑糖糕就在水月堂食品行～,15,25
好吃的黑糖糕就在水月堂食品行～,16,37
好吃的黑糖糕就在水月堂食品行～,17,31
好吃的黑糖糕就在水月堂食品行～,18,37
好吃的黑糖糕就在水月堂食品行～,19,25
好吃的黑糖糕就在水月堂食品行～,20,25
好吃的黑糖糕就在水月堂食品行～,21,0
好吃的黑糖糕就在水月堂食品行～,22,0
好吃的黑糖糕就在水月堂食品行～,23,0
媽宮食品工廠,0,0
媽宮食品工廠,1,0
媽宮食品工廠,2,0
媽宮食品工廠,3,0
媽宮食品工廠,4,0
媽宮食品工廠,5,0
媽宮食品工廠,6,0
媽宮食品工廠,7,0
媽宮食品工廠,8,31
媽宮食品工廠,9,39
媽宮食品工廠,10,39
媽宮食品工廠,11,35
媽宮食品工廠,12,33
媽宮食品工廠,13,41
媽宮食品工廠,14,58
媽宮食品工廠,15,79
媽宮食品工廠,16,86
媽宮食品工廠,17,0
媽宮食品工廠,18,0
媽宮食品工廠,19,0
媽宮食品工廠,20,0
媽宮食品工廠,21,0
媽宮食品工廠,22,0
媽宮食品工廠,23,0
家竹黑砂糖冷熱飲店,0,0
家竹黑砂糖冷熱飲店,1,0
家竹黑砂糖冷熱飲店,2,0
家竹黑砂糖冷熱飲店,3,0
家竹黑砂糖冷熱飲店,4,0
家竹黑砂糖冷熱飲店,5,0
家竹黑砂糖冷熱飲店,6,0
家竹黑砂糖冷熱飲店,7,0
家竹黑砂糖冷熱飲店,8,0
家竹黑砂糖冷熱飲店,9,0
家竹黑砂糖冷熱飲店,10,0
家竹黑砂糖冷熱飲店,11,0
家竹黑砂糖冷熱飲店,12,0
家竹黑砂糖冷熱飲店,13,33
家竹黑砂糖冷熱飲店,14,53
家竹黑砂糖冷熱飲店,15,63
家竹黑砂糖冷熱飲店,16,69
家竹黑砂糖冷熱飲店,17,68
家竹黑砂糖冷熱飲店,18,63
家竹黑砂糖冷熱飲店,19,61
家竹黑砂糖冷熱飲店,20,59
家竹黑砂糖冷熱飲店,21,50
家竹黑砂糖冷熱飲店,22,33
家竹黑砂糖冷熱飲店,23,0
富勝食品企業行,0,0
富勝食品企業行,1,0
富勝食品企業行,2,0
富勝食品企業行,3,0
富勝食品企業行,4,0
富勝食品企業行,5,0
富勝食品企業行,6,0
富勝食品企業行,7,0
富勝食品企業行,8,0
富勝食品企業行,9,84
富勝食品企業行,10,92
富勝食品企業行,11,69
富勝食品企業行,12,69
富勝食品企業行,13,46
富勝食品企業行,14,38
富勝食品企業行,15,61
富勝食品企業行,16,61
富勝食品企業行,17,61
富勝食品企業行,18,61
富勝食品企業行,19,53
富勝食品企業行,20,61
富勝食品企業行,21,0
富勝食品企業行,22,0
富勝食品企業行,23,0
小和食光輕食館,0,0
小和食光輕食館,1,0
小和食光輕食館,2,0
小和食光輕食館,3,0
小和食光輕食館,4,0
小和食光輕食館,5,0
小和食光輕食館,6,0
小和食光輕食館,7,0
小和食光輕食館,8,0
小和食光輕食館,9,50
小和食光輕食館,10,80
小和食光輕食館,11,83
小和食光輕食館,12,90
小和食光輕食館,13,86
小和食光輕食館,14,86
小和食光輕食館,15,60
小和食光輕食館,16,40
小和食光輕食館,17,30
小和食光輕食館,18,33
小和食光輕食館,19,33
小和食光輕食館,20,36
小和食光輕食館,21,0
小和食光輕食館,22,0
小和食光輕食館,23,0
巴適麻辣鍋,0,0
巴適麻辣鍋,1,0
巴適麻辣鍋,2,0
巴適麻辣鍋,3,0
巴適麻辣鍋,4,0
巴適麻辣鍋,5,0
巴適麻辣鍋,6,0
巴適麻辣鍋,7,0
巴適麻辣鍋,8,0
巴適麻辣鍋,9,0
巴適麻辣鍋,10,0
巴適麻辣鍋,11,29
巴適麻辣鍋,12,42
巴適麻辣鍋,13,47
巴適麻辣鍋,14,38
巴適麻辣鍋,15,35
巴適麻辣鍋,16,31
巴適麻辣鍋,17,43
巴適麻辣鍋,18,56
巴適麻辣鍋,19,73
巴適麻辣鍋,20,71
巴適麻辣鍋,21,52
巴適麻辣鍋,22,0
巴適麻辣鍋,23,0
弗洛伊得飲酒店,0,55
弗洛伊得飲酒店,1,35
弗洛伊得飲酒店,2,23
弗洛伊得飲酒店,3,0
弗洛伊得飲酒店,4,0
弗洛伊得飲酒店,5,0
弗洛伊得飲酒店,6,0
弗洛伊得飲酒店,7,0
弗洛伊得飲酒店,8,0
弗洛伊得飲酒店,9,0
弗洛伊得飲酒店,10,0
弗洛伊得飲酒店,11,0
弗洛伊得飲酒店,12,0
弗洛伊得飲酒店,13,0
弗洛伊得飲酒店,14,0
弗洛伊得飲酒店,15,0
弗洛伊得飲酒店,16,0
弗洛伊得飲酒店,17,0
弗洛伊得飲酒店,18,17
弗洛伊得飲酒店,19,20
弗洛伊得飲酒店,20,29
弗洛伊得飲酒店,21,55
弗洛伊得飲酒店,22,61
弗洛伊得飲酒店,23,67
抓包．馬公分店,0,0
抓包．馬公分店,1,0
抓包．馬公分店,2,0
抓包．馬公分店,3,0
抓包．馬公分店,4,0
抓包．馬公分店,5,0
抓包．馬公分店,6,0
抓包．馬公分店,7,0
抓包．馬公分店,8,0
抓包．馬公分店,9,0
抓包．馬公分店,10,0
抓包．馬公分店,11,47
抓包．馬公分店,12,52
抓包．馬公分店,13,36
抓包．馬公分店,14,32
抓包．馬公分店,15,39
抓包．馬公分店,16,45
抓包．馬公分店,17,43
抓包．馬公分店,18,26
抓包．馬公分店,19,0
抓包．馬公分店,20,0
抓包．馬公分店,21,0
抓包．馬公分店,22,0
抓包．馬公分店,23,0
振發食品行,0,0
振發食品行,1,0
振發食品行,2,0
振發食品行,3,0
振發食品行,4,0
振發食品行,5,0
振發食品行,6,0
振發食品行,7,0
振發食品行,8,50
振發食品行,9,33
振發食品行,10,41
振發食品行,11,25
振發食品行,12,25
振發食品行,13,50
振發食品行,14,58
振發食品行,15,41
振發食品行,16,33
振發食品行,17,50
振發食品行,18,58
振發食品行,19,66
振發食品行,20,50
振發食品行,21,0
振發食品行,22,0
振發食品行,23,0
掌上明珠,0,0
掌上明珠,1,0
掌上明珠,2,0
掌上明珠,3,0
掌上明珠,4,0
掌上明珠,5,0
掌上明珠,6,0
掌上明珠,7,0
掌上明珠,8,0
掌上明珠,9,0
掌上明珠,10,0
掌上明珠,11,52
掌上明珠,12,65
掌上明珠,13,77
掌上明珠,14,80
掌上明珠,15,0
掌上明珠,16,0
掌上明珠,17,46
掌上明珠,18,41
掌上明珠,19,40
掌上明珠,20,32
掌上明珠,21,28
掌上明珠,22,0
掌上明珠,23,0
提樂茶飲專賣店,0,0
提樂茶飲專賣店,1,0
提樂茶飲專賣店,2,0
提樂茶飲專賣店,3,0
提樂茶飲專賣店,4,0
提樂茶飲專賣店,5,0
提樂茶飲專賣店,6,0
提樂茶飲專賣店,7,0
提樂茶飲專賣店,8,0
提樂茶飲專賣店,9,65
提樂茶飲專賣店,10,35
提樂茶飲專賣店,11,35
提樂茶飲專賣店,12,30
提樂茶飲專賣店,13,35
提樂茶飲專賣店,14,25
提樂茶飲專賣店,15,35
提樂茶飲專賣店,16,25
提樂茶飲專賣店,17,40
提樂茶飲專賣店,18,25
提樂茶飲專賣店,19,20
提樂茶飲專賣店,20,20
提樂茶飲專賣店,21,45
提樂茶飲專賣店,22,30
提樂茶飲專賣店,23,0
新巴適經典麻辣鍋,0,0
新巴適經典麻辣鍋,1,0
新巴適經典麻辣鍋,2,0
新巴適經典麻辣鍋,3,0
新巴適經典麻辣鍋,4,0
新巴適經典麻辣鍋,5,0
新巴適經典麻辣鍋,6,0
新巴適經典麻辣鍋,7,0
新巴適經典麻辣鍋,8,0
新巴適經典麻辣鍋,9,0
新巴適經典麻辣鍋,10,0
新巴適經典麻辣鍋,11,33
新巴適經典麻辣鍋,12,41
新巴適經典麻辣鍋,13,38
新巴適經典麻辣鍋,14,38
新巴適經典麻辣鍋,15,0
新巴適經典麻辣鍋,16,0
新巴適經典麻辣鍋,17,74
新巴適經典麻辣鍋,18,100
新巴適經典麻辣鍋,19,97
新巴適經典麻辣鍋,20,76
新巴適經典麻辣鍋,21,53
新巴適經典麻辣鍋,22,0
新巴適經典麻辣鍋,23,0
旭西餅舖,0,0
旭西餅舖,1,0
旭西餅舖,2,0
旭西餅舖,3,0
旭西餅舖,4,0
旭西餅舖,5,0
旭西餅舖,6,12
旭西餅舖,7,22
旭西餅舖,8,33
旭西餅舖,9,38
旭西餅舖,10,42
旭西餅舖,11,31
旭西餅舖,12,28
旭西餅舖,13,25
旭西餅舖,14,31
旭西餅舖,15,31
旭西餅舖,16,34
旭西餅舖,17,33
旭西餅舖,18,0
旭西餅舖,19,0
旭西餅舖,20,0
旭西餅舖,21,0
旭西餅舖,22,0
旭西餅舖,23,0
曾記滿福堂擔仔麵,0,0
曾記滿福堂擔仔麵,1,0
曾記滿福堂擔仔麵,2,0
曾記滿福堂擔仔麵,3,0
曾記滿福堂擔仔麵,4,0
曾記滿福堂擔仔麵,5,0
曾記滿福堂擔仔麵,6,0
曾記滿福堂擔仔麵,7,0
曾記滿福堂擔仔麵,8,0
曾記滿福堂擔仔麵,9,0
曾記滿福堂擔仔麵,10,0
曾記滿福堂擔仔麵,11,27
曾記滿福堂擔仔麵,12,46
曾記滿福堂擔仔麵,13,51
曾記滿福堂擔仔麵,14,51
曾記滿福堂擔仔麵,15,48
曾記滿福堂擔仔麵,16,46
曾記滿福堂擔仔麵,17,58
曾記滿福堂擔仔麵,18,77
曾記滿福堂擔仔麵,19,92
曾記滿福堂擔仔麵,20,84
曾記滿福堂擔仔麵,21,67
曾記滿福堂擔仔麵,22,44
曾記滿福堂擔仔麵,23,0
欣欣麵食館,0,0
欣欣麵食館,1,0
欣欣麵食館,2,0
欣欣麵食館,3,0
欣欣麵食館,4,0
欣欣麵食館,5,0
欣欣麵食館,6,0
欣欣麵食館,7,0
欣欣麵食館,8,0
欣欣麵食館,9,0
欣欣麵食館,10,0
欣欣麵食館,11,0
欣欣麵食館,12,56
欣欣麵食館,13,53
欣欣麵食館,14,0
欣欣麵食館,15,0
欣欣麵食館,16,53
欣欣麵食館,17,81
欣欣麵食館,18,92
欣欣麵食館,19,81
欣欣麵食館,20,0
欣欣麵食館,21,0
欣欣麵食館,22,0
欣欣麵食館,23,0
歡迎來到新光堂（新光堂特產行）,0,0
歡迎來到新光堂（新光堂特產行）,1,0
歡迎來到新光堂（新光堂特產行）,2,0
歡迎來到新光堂（新光堂特產行）,3,0
歡迎來到新光堂（新光堂特產行）,4,0
歡迎來到新光堂（新光堂特產行）,5,0
歡迎來到新光堂（新光堂特產行）,6,0
歡迎來到新光堂（新光堂特產行）,7,0
歡迎來到新光堂（新光堂特產行）,8,0
歡迎來到新光堂（新光堂特產行）,9,0
歡迎來到新光堂（新光堂特產行）,10,0
歡迎來到新光堂（新光堂特產行）,11,33
歡迎來到新光堂（新光堂特產行）,12,48
歡迎來到新光堂（新光堂特產行）,13,57
歡迎來到新光堂（新光堂特產行）,14,58
歡迎來到新光堂（新光堂特產行）,15,56
歡迎來到新光堂（新光堂特產行）,16,58
歡迎來到新光堂（新光堂特產行）,17,65
歡迎來到新光堂（新光堂特產行）,18,73
歡迎來到新光堂（新光堂特產行）,19,72
歡迎來到新光堂（新光堂特產行）,20,61
歡迎來到新光堂（新光堂特產行）,21,39
歡迎來到新光堂（新光堂特產行）,22,0
歡迎來到新光堂（新光堂特產行）,23,0
泉利餅舖,0,0
泉利餅舖,1,0
泉利餅舖,2,0
泉利餅舖,3,0
泉利餅舖,4,0
泉利餅舖,5,0
泉利餅舖,6,0
泉利餅舖,7,0
泉利餅舖,8,31
泉利餅舖,9,27
泉利餅舖,10,31
泉利餅舖,11,36
泉利餅舖,12,31
泉利餅舖,13,54
泉利餅舖,14,63
泉利餅舖,15,81
泉利餅舖,16,86
泉利餅舖,17,100
泉利餅舖,18,81
泉利餅舖,19,63
泉利餅舖,20,40
泉利餅舖,21,0
泉利餅舖,22,0
泉利餅舖,23,0
海城上湯鮮魚粥飯麵館,0,0
海城上湯鮮魚粥飯麵館,1,0
海城上湯鮮魚粥飯麵館,2,0
海城上湯鮮魚粥飯麵館,3,0
海城上湯鮮魚粥飯麵館,4,0
海城上湯鮮魚粥飯麵館,5,0
海城上湯鮮魚粥飯麵館,6,0
海城上湯鮮魚粥飯麵館,7,0
海城上湯鮮魚粥飯麵館,8,0
海城上湯鮮魚粥飯麵館,9,0
海城上湯鮮魚粥飯麵館,10,34
海城上湯鮮魚粥飯麵館,11,46
海城上湯鮮魚粥飯麵館,12,47
海城上湯鮮魚粥飯麵館,13,34
海城上湯鮮魚粥飯麵館,14,0
海城上湯鮮魚粥飯麵館,15,0
海城上湯鮮魚粥飯麵館,16,46
海城上湯鮮魚粥飯麵館,17,72
海城上湯鮮魚粥飯麵館,18,81
海城上湯鮮魚粥飯麵館,19,69
海城上湯鮮魚粥飯麵館,20,47
海城上湯鮮魚粥飯麵館,21,0
海城上湯鮮魚粥飯麵館,22,0
海城上湯鮮魚粥飯麵館,23,0
清香活海鮮,0,0
清香活海鮮,1,0
清香活海鮮,2,0
清香活海鮮,3,0
清香活海鮮,4,0
清香活海鮮,5,0
清香活海鮮,6,0
清香活海鮮,7,0
清香活海鮮,8,0
清香活海鮮,9,0
清香活海鮮,10,42
清香活海鮮,11,52
清香活海鮮,12,52
清香活海鮮,13,42
清香活海鮮,14,47
清香活海鮮,15,0
清香活海鮮,16,0
清香活海鮮,17,26
清香活海鮮,18,15
清香活海鮮,19,21
清香活海鮮,20,10
清香活海鮮,21,10
清香活海鮮,22,0
清香活海鮮,23,0
源羊肉店,0,0
源羊肉店,1,0
源羊肉店,2,0
源羊肉店,3,0
源羊肉店,4,0
源羊肉店,5,0
源羊肉店,6,0
源羊肉店,7,0
源羊肉店,8,0
源羊肉店,9,0
源羊肉店,10,31
源羊肉店,11,45
源羊肉店,12,51
源羊肉店,13,47
源羊肉店,14,37
源羊肉店,15,34
源羊肉店,16,39
源羊肉店,17,51
源羊肉店,18,58
源羊肉店,19,53
源羊肉店,20,40
源羊肉店,21,24
源羊肉店,22,0
源羊肉店,23,0
滷底撈-澎湖店,0,0
滷底撈-澎湖店,1,0
滷底撈-澎湖店,2,0
滷底撈-澎湖店,3,0
滷底撈-澎湖店,4,0
滷底撈-澎湖店,5,0
滷底撈-澎湖店,6,0
滷底撈-澎湖店,7,0
滷底撈-澎湖店,8,0
滷底撈-澎湖店,9,0
滷底撈-澎湖店,10,0
滷底撈-澎湖店,11,0
滷底撈-澎湖店,12,0
滷底撈-澎湖店,13,0
滷底撈-澎湖店,14,0
滷底撈-澎湖店,15,0
滷底撈-澎湖店,16,28
滷底撈-澎湖店,17,45
滷底撈-澎湖店,18,62
滷底撈-澎湖店,19,62
滷底撈-澎湖店,20,62
滷底撈-澎湖店,21,54
滷底撈-澎湖店,22,54
滷底撈-澎湖店,23,51
漁夫才哥企業社,0,0
漁夫才哥企業社,1,0
漁夫才哥企業社,2,0
漁夫才哥企業社,3,0
漁夫才哥企業社,4,0
漁夫才哥企業社,5,0
漁夫才哥企業社,6,0
漁夫才哥企業社,7,0
漁夫才哥企業社,8,33
漁夫才哥企業社,9,61
漁夫才哥企業社,10,61
漁夫才哥企業社,11,55
漁夫才哥企業社,12,61
漁夫才哥企業社,13,44
漁夫才哥企業社,14,44
漁夫才哥企業社,15,44
漁夫才哥企業社,16,38
漁夫才哥企業社,17,33
漁夫才哥企業社,18,27
漁夫才哥企業社,19,27
漁夫才哥企業社,20,38
漁夫才哥企業社,21,33
漁夫才哥企業社,22,0
漁夫才哥企業社,23,0
澎湖 朝陽路肉圓,0,0
澎湖 朝陽路肉圓,1,0
澎湖 朝陽路肉圓,2,0
澎湖 朝陽路肉圓,3,0
澎湖 朝陽路肉圓,4,0
澎湖 朝陽路肉圓,5,0
澎湖 朝陽路肉圓,6,0
澎湖 朝陽路肉圓,7,0
澎湖 朝陽路肉圓,8,0
澎湖 朝陽路肉圓,9,0
澎湖 朝陽路肉圓,10,42
澎湖 朝陽路肉圓,11,46
澎湖 朝陽路肉圓,12,34
澎湖 朝陽路肉圓,13,42
澎湖 朝陽路肉圓,14,0
澎湖 朝陽路肉圓,15,53
澎湖 朝陽路肉圓,16,73
澎湖 朝陽路肉圓,17,76
澎湖 朝陽路肉圓,18,84
澎湖 朝陽路肉圓,19,61
澎湖 朝陽路肉圓,20,0
澎湖 朝陽路肉圓,21,0
澎湖 朝陽路肉圓,22,0
澎湖 朝陽路肉圓,23,0
澎湖伯伴手禮坊,0,0
澎湖伯伴手禮坊,1,0
澎湖伯伴手禮坊,2,0
澎湖伯伴手禮坊,3,0
澎湖伯伴手禮坊,4,0
澎湖伯伴手禮坊,5,0
澎湖伯伴手禮坊,6,0
澎湖伯伴手禮坊,7,0
澎湖伯伴手禮坊,8,15
澎湖伯伴手禮坊,9,27
澎湖伯伴手禮坊,10,27
澎湖伯伴手禮坊,11,27
澎湖伯伴手禮坊,12,29
澎湖伯伴手禮坊,13,36
澎湖伯伴手禮坊,14,54
澎湖伯伴手禮坊,15,71
澎湖伯伴手禮坊,16,81
澎湖伯伴手禮坊,17,59
澎湖伯伴手禮坊,18,0
澎湖伯伴手禮坊,19,0
澎湖伯伴手禮坊,20,0
澎湖伯伴手禮坊,21,0
澎湖伯伴手禮坊,22,0
澎湖伯伴手禮坊,23,0
澎湖海洋地質公園中心,0,41
澎湖海洋地質公園中心,1,20
澎湖海洋地質公園中心,2,11
澎湖海洋地質公園中心,3,8
澎湖海洋地質公園中心,4,14
澎湖海洋地質公園中心,5,17
澎湖海洋地質公園中心,6,23
澎湖海洋地質公園中心,7,38
澎湖海洋地質公園中心,8,41
澎湖海洋地質公園中心,9,52
澎湖海洋地質公園中心,10,44
澎湖海洋地質公園中心,11,35
澎湖海洋地質公園中心,12,32
澎湖海洋地質公園中心,13,47
澎湖海洋地質公園中心,14,61
澎湖海洋地質公園中心,15,85
澎湖海洋地質公園中心,16,94
澎湖海洋地質公園中心,17,94
澎湖海洋地質公園中心,18,79
澎湖海洋地質公園中心,19,82
澎湖海洋地質公園中心,20,79
澎湖海洋地質公園中心,21,55
澎湖海洋地質公園中心,22,35
澎湖海洋地質公園中心,23,23
澎湖海洋地質公園中心(1F),0,41
澎湖海洋地質公園中心(1F),1,20
澎湖海洋地質公園中心(1F),2,11
澎湖海洋地質公園中心(1F),3,8
澎湖海洋地質公園中心(1F),4,14
澎湖海洋地質公園中心(1F),5,17
澎湖海洋地質公園中心(1F),6,23
澎湖海洋地質公園中心(1F),7,38
澎湖海洋地質公園中心(1F),8,41
澎湖海洋地質公園中心(1F),9,52
澎湖海洋地質公園中心(1F),10,44
澎湖海洋地質公園中心(1F),11,35
澎湖海洋地質公園中心(1F),12,32
澎湖海洋地質公園中心(1F),13,47
澎湖海洋地質公園中心(1F),14,61
澎湖海洋地質公園中心(1F),15,85
澎湖海洋地質公園中心(1F),16,94
澎湖海洋地質公園中心(1F),17,94
澎湖海洋地質公園中心(1F),18,79
澎湖海洋地質公園中心(1F),19,82
澎湖海洋地質公園中心(1F),20,79
澎湖海洋地質公園中心(1F),21,55
澎湖海洋地質公園中心(1F),22,35
澎湖海洋地質公園中心(1F),23,23
澎漁宴餐廳,0,0
澎漁宴餐廳,1,0
澎漁宴餐廳,2,0
澎漁宴餐廳,3,0
澎漁宴餐廳,4,0
澎漁宴餐廳,5,0
澎漁宴餐廳,6,0
澎漁宴餐廳,7,0
澎漁宴餐廳,8,0
澎漁宴餐廳,9,0
澎漁宴餐廳,10,0
澎漁宴餐廳,11,21
澎漁宴餐廳,12,27
澎漁宴餐廳,13,22
澎漁宴餐廳,14,0
澎漁宴餐廳,15,0
澎漁宴餐廳,16,0
澎漁宴餐廳,17,61
澎漁宴餐廳,18,90
澎漁宴餐廳,19,98
澎漁宴餐廳,20,73
澎漁宴餐廳,21,0
澎漁宴餐廳,22,0
澎漁宴餐廳,23,0
福慶樓海鮮餐廳,0,0
福慶樓海鮮餐廳,1,0
福慶樓海鮮餐廳,2,0
福慶樓海鮮餐廳,3,0
福慶樓海鮮餐廳,4,0
福慶樓海鮮餐廳,5,0
福慶樓海鮮餐廳,6,0
福慶樓海鮮餐廳,7,0
福慶樓海鮮餐廳,8,0
福慶樓海鮮餐廳,9,0
福慶樓海鮮餐廳,10,0
福慶樓海鮮餐廳,11,0
福慶樓海鮮餐廳,12,0
福慶樓海鮮餐廳,13,0
福慶樓海鮮餐廳,14,0
福慶樓海鮮餐廳,15,0
福慶樓海鮮餐廳,16,0
福慶樓海鮮餐廳,17,55
福慶樓海鮮餐廳,18,62
福慶樓海鮮餐廳,19,62
福慶樓海鮮餐廳,20,66
福慶樓海鮮餐廳,21,66
福慶樓海鮮餐廳,22,66
福慶樓海鮮餐廳,23,44
福鴨鴨肉大王,0,0
福鴨鴨肉大王,1,0
福鴨鴨肉大王,2,0
福鴨鴨肉大王,3,0
福鴨鴨肉大王,4,0
福鴨鴨肉大王,5,0
福鴨鴨肉大王,6,0
福鴨鴨肉大王,7,0
福鴨鴨肉大王,8,0
福鴨鴨肉大王,9,0
福鴨鴨肉大王,10,0
福鴨鴨肉大王,11,29
福鴨鴨肉大王,12,51
福鴨鴨肉大王,13,58
福鴨鴨肉大王,14,51
福鴨鴨肉大王,15,37
福鴨鴨肉大王,16,37
福鴨鴨肉大王,17,50
福鴨鴨肉大王,18,72
福鴨鴨肉大王,19,86
福鴨鴨肉大王,20,74
福鴨鴨肉大王,21,55
福鴨鴨肉大王,22,0
福鴨鴨肉大王,23,0
篤行十村,0,0
篤行十村,1,0
篤行十村,2,0
篤行十村,3,0
篤行十村,4,0
篤行十村,5,0
篤行十村,6,0
篤行十村,7,0
篤行十村,8,35
篤行十村,9,43
篤行十村,10,49
篤行十村,11,50
篤行十村,12,50
篤行十村,13,55
篤行十村,14,63
篤行十村,15,68
篤行十村,16,65
篤行十村,17,51
篤行十村,18,31
篤行十村,19,17
篤行十村,20,12
篤行十村,21,10
篤行十村,22,0
篤行十村,23,0
紐西蘭牛排館,0,0
紐西蘭牛排館,1,0
紐西蘭牛排館,2,0
紐西蘭牛排館,3,0
紐西蘭牛排館,4,0
紐西蘭牛排館,5,0
紐西蘭牛排館,6,0
紐西蘭牛排館,7,0
紐西蘭牛排館,8,0
紐西蘭牛排館,9,0
紐西蘭牛排館,10,4
紐西蘭牛排館,11,7
紐西蘭牛排館,12,12
紐西蘭牛排館,13,11
紐西蘭牛排館,14,11
紐西蘭牛排館,15,17
紐西蘭牛排館,16,31
紐西蘭牛排館,17,44
紐西蘭牛排館,18,57
紐西蘭牛排館,19,58
紐西蘭牛排館,20,47
紐西蘭牛排館,21,29
紐西蘭牛排館,22,0
紐西蘭牛排館,23,0
美味登場飯麵館,0,0
美味登場飯麵館,1,0
美味登場飯麵館,2,0
美味登場飯麵館,3,0
美味登場飯麵館,4,0
美味登場飯麵館,5,0
美味登場飯麵館,6,0
美味登場飯麵館,7,0
美味登場飯麵館,8,0
美味登場飯麵館,9,0
美味登場飯麵館,10,42
美味登場飯麵館,11,48
美味登場飯麵館,12,51
美味登場飯麵館,13,54
美味登場飯麵館,14,39
美味登場飯麵館,15,51
美味登場飯麵館,16,57
美味登場飯麵館,17,87
美味登場飯麵館,18,90
美味登場飯麵館,19,72
美味登場飯麵館,20,54
美味登場飯麵館,21,0
美味登場飯麵館,22,0
美味登場飯麵館,23,0
自由塔,0,43
自由塔,1,37
自由塔,2,43
自由塔,3,43
自由塔,4,18
自由塔,5,18
自由塔,6,18
自由塔,7,50
自由塔,8,62
自由塔,9,50
自由塔,10,31
自由塔,11,37
自由塔,12,50
自由塔,13,37
自由塔,14,37
自由塔,15,18
自由塔,16,12
自由塔,17,12
自由塔,18,37
自由塔,19,56
自由塔,20,37
自由塔,21,43
自由塔,22,43
自由塔,23,56
莫咖啡,0,0
莫咖啡,1,0
莫咖啡,2,0
莫咖啡,3,0
莫咖啡,4,0
莫咖啡,5,0
莫咖啡,6,0
莫咖啡,7,0
莫咖啡,8,0
莫咖啡,9,0
莫咖啡,10,0
莫咖啡,11,0
莫咖啡,12,37
莫咖啡,13,56
莫咖啡,14,66
莫咖啡,15,77
莫咖啡,16,83
莫咖啡,17,89
莫咖啡,18,96
莫咖啡,19,100
莫咖啡,20,94
莫咖啡,21,85
莫咖啡,22,0
莫咖啡,23,0
萬泰食品,0,0
萬泰食品,1,0
萬泰食品,2,0
萬泰食品,3,0
萬泰食品,4,0
萬泰食品,5,0
萬泰食品,6,0
萬泰食品,7,0
萬泰食品,8,29
萬泰食品,9,37
萬泰食品,10,37
萬泰食品,11,32
萬泰食品,12,25
萬泰食品,13,28
萬泰食品,14,40
萬泰食品,15,61
萬泰食品,16,73
萬泰食品,17,75
萬泰食品,18,71
萬泰食品,19,71
萬泰食品,20,60
萬泰食品,21,40
萬泰食品,22,0
萬泰食品,23,0
葉子的店,0,0
葉子的店,1,0
葉子的店,2,0
葉子的店,3,0
葉子的店,4,0
葉子的店,5,0
葉子的店,6,0
葉子的店,7,0
葉子的店,8,0
葉子的店,9,0
葉子的店,10,46
葉子的店,11,73
葉子的店,12,85
葉子的店,13,57
葉子的店,14,0
葉子的店,15,0
葉子的店,16,36
葉子的店,17,55
葉子的店,18,71
葉子的店,19,53
葉子的店,20,0
葉子的店,21,0
葉子的店,22,0
葉子的店,23,0
蒙地卡羅咖啡館,0,0
蒙地卡羅咖啡館,1,0
蒙地卡羅咖啡館,2,0
蒙地卡羅咖啡館,3,0
蒙地卡羅咖啡館,4,0
蒙地卡羅咖啡館,5,0
蒙地卡羅咖啡館,6,0
蒙地卡羅咖啡館,7,0
蒙地卡羅咖啡館,8,0
蒙地卡羅咖啡館,9,0
蒙地卡羅咖啡館,10,0
蒙地卡羅咖啡館,11,0
蒙地卡羅咖啡館,12,0
蒙地卡羅咖啡館,13,40
蒙地卡羅咖啡館,14,37
蒙地卡羅咖啡館,15,37
蒙地卡羅咖啡館,16,33
蒙地卡羅咖啡館,17,33
蒙地卡羅咖啡館,18,29
蒙地卡羅咖啡館,19,37
蒙地卡羅咖啡館,20,44
蒙地卡羅咖啡館,21,37
蒙地卡羅咖啡館,22,44
蒙地卡羅咖啡館,23,0
藍21咖啡輕食,0,0
藍21咖啡輕食,1,0
藍21咖啡輕食,2,0
藍21咖啡輕食,3,0
藍21咖啡輕食,4,0
藍21咖啡輕食,5,0
藍21咖啡輕食,6,0
藍21咖啡輕食,7,0
藍21咖啡輕食,8,0
藍21咖啡輕食,9,0
藍21咖啡輕食,10,0
藍21咖啡輕食,11,38
藍21咖啡輕食,12,33
藍21咖啡輕食,13,38
藍21咖啡輕食,14,47
藍21咖啡輕食,15,52
藍21咖啡輕食,16,66
藍21咖啡輕食,17,61
藍21咖啡輕食,18,71
藍21咖啡輕食,19,57
藍21咖啡輕食,20,0
藍21咖啡輕食,21,0
藍21咖啡輕食,22,0
藍21咖啡輕食,23,0
跨海大橋(西嶼端),0,47
跨海大橋(西嶼端),1,35
跨海大橋(西嶼端),2,29
跨海大橋(西嶼端),3,41
跨海大橋(西嶼端),4,29
跨海大橋(西嶼端),5,35
跨海大橋(西嶼端),6,41
跨海大橋(西嶼端),7,35
跨海大橋(西嶼端),8,35
跨海大橋(西嶼端),9,35
跨海大橋(西嶼端),10,47
跨海大橋(西嶼端),11,35
跨海大橋(西嶼端),12,52
跨海大橋(西嶼端),13,35
跨海大橋(西嶼端),14,41
跨海大橋(西嶼端),15,29
跨海大橋(西嶼端),16,29
跨海大橋(西嶼端),17,29
跨海大橋(西嶼端),18,29
跨海大橋(西嶼端),19,35
跨海大橋(西嶼端),20,47
跨海大橋(西嶼端),21,41
跨海大橋(西嶼端),22,41
跨海大橋(西嶼端),23,29
通樑古榕,0,5
通樑古榕,1,4
通樑古榕,2,4
通樑古榕,3,4
通樑古榕,4,2
通樑古榕,5,3
通樑古榕,6,5
通樑古榕,7,12
通樑古榕,8,28
通樑古榕,9,51
通樑古榕,10,70
通樑古榕,11,74
通樑古榕,12,72
通樑古榕,13,73
通樑古榕,14,75
通樑古榕,15,69
通樑古榕,16,57
通樑古榕,17,37
通樑古榕,18,23
通樑古榕,19,13
通樑古榕,20,10
通樑古榕,21,8
通樑古榕,22,9
通樑古榕,23,7
郭家炒滷味,0,0
郭家炒滷味,1,0
郭家炒滷味,2,0
郭家炒滷味,3,0
郭家炒滷味,4,0
郭家炒滷味,5,0
郭家炒滷味,6,0
郭家炒滷味,7,0
郭家炒滷味,8,0
郭家炒滷味,9,0
郭家炒滷味,10,0
郭家炒滷味,11,30
郭家炒滷味,12,42
郭家炒滷味,13,42
郭家炒滷味,14,39
郭家炒滷味,15,35
郭家炒滷味,16,39
郭家炒滷味,17,47
郭家炒滷味,18,62
郭家炒滷味,19,72
郭家炒滷味,20,75
郭家炒滷味,21,61
郭家炒滷味,22,0
郭家炒滷味,23,0
金港黑砂糖剉冰-澎湖店,0,0
金港黑砂糖剉冰-澎湖店,1,0
金港黑砂糖剉冰-澎湖店,2,0
金港黑砂糖剉冰-澎湖店,3,0
金港黑砂糖剉冰-澎湖店,4,0
金港黑砂糖剉冰-澎湖店,5,0
金港黑砂糖剉冰-澎湖店,6,0
金港黑砂糖剉冰-澎湖店,7,0
金港黑砂糖剉冰-澎湖店,8,0
金港黑砂糖剉冰-澎湖店,9,0
金港黑砂糖剉冰-澎湖店,10,64
金港黑砂糖剉冰-澎湖店,11,64
金港黑砂糖剉冰-澎湖店,12,46
金港黑砂糖剉冰-澎湖店,13,35
金港黑砂糖剉冰-澎湖店,14,35
金港黑砂糖剉冰-澎湖店,15,39
金港黑砂糖剉冰-澎湖店,16,46
金港黑砂糖剉冰-澎湖店,17,42
金港黑砂糖剉冰-澎湖店,18,42
金港黑砂糖剉冰-澎湖店,19,53
金港黑砂糖剉冰-澎湖店,20,46
金港黑砂糖剉冰-澎湖店,21,28
金港黑砂糖剉冰-澎湖店,22,0
金港黑砂糖剉冰-澎湖店,23,0
金醬府,0,0
金醬府,1,0
金醬府,2,0
金醬府,3,0
金醬府,4,0
金醬府,5,0
金醬府,6,0
金醬府,7,0
金醬府,8,0
金醬府,9,0
金醬府,10,0
金醬府,11,23
金醬府,12,30
金醬府,13,35
金醬府,14,38
金醬府,15,0
金醬府,16,0
金醬府,17,63
金醬府,18,74
金醬府,19,67
金醬府,20,47
金醬府,21,0
金醬府,22,0
金醬府,23,0
阿鳳牛肉河粉,0,0
阿鳳牛肉河粉,1,0
阿鳳牛肉河粉,2,0
阿鳳牛肉河粉,3,0
阿鳳牛肉河粉,4,0
阿鳳牛肉河粉,5,0
阿鳳牛肉河粉,6,0
阿鳳牛肉河粉,7,18
阿鳳牛肉河粉,8,29
阿鳳牛肉河粉,9,40
阿鳳牛肉河粉,10,52
阿鳳牛肉河粉,11,60
阿鳳牛肉河粉,12,56
阿鳳牛肉河粉,13,41
阿鳳牛肉河粉,14,29
阿鳳牛肉河粉,15,0
阿鳳牛肉河粉,16,0
阿鳳牛肉河粉,17,21
阿鳳牛肉河粉,18,21
阿鳳牛肉河粉,19,12
阿鳳牛肉河粉,20,0
阿鳳牛肉河粉,21,0
阿鳳牛肉河粉,22,0
阿鳳牛肉河粉,23,0
青灣餐廳,0,0
青灣餐廳,1,0
青灣餐廳,2,0
青灣餐廳,3,0
青灣餐廳,4,0
青灣餐廳,5,0
青灣餐廳,6,0
青灣餐廳,7,0
青灣餐廳,8,0
青灣餐廳,9,0
青灣餐廳,10,0
青灣餐廳,11,37
青灣餐廳,12,37
青灣餐廳,13,41
青灣餐廳,14,53
青灣餐廳,15,62
青灣餐廳,16,58
青灣餐廳,17,55
青灣餐廳,18,39
青灣餐廳,19,30
青灣餐廳,20,0
青灣餐廳,21,0
青灣餐廳,22,0
青灣餐廳,23,0
黑妞,0,0
黑妞,1,0
黑妞,2,0
黑妞,3,0
黑妞,4,0
黑妞,5,0
黑妞,6,0
黑妞,7,0
黑妞,8,0
黑妞,9,26
黑妞,10,48
黑妞,11,51
黑妞,12,55
黑妞,13,44
黑妞,14,55
黑妞,15,68
黑妞,16,60
黑妞,17,37
黑妞,18,28
黑妞,19,31
黑妞,20,37
黑妞,21,0
黑妞,22,0
黑妞,23,0
